{"assets/env/dev.json":["assets/env/dev.json"],"assets/env/prod.json":["assets/env/prod.json"],"assets/font/CircularStd-Black.otf":["assets/font/CircularStd-Black.otf"],"assets/font/CircularStd-Bold.otf":["assets/font/CircularStd-Bold.otf"],"assets/font/CircularStd-Light.otf":["assets/font/CircularStd-Light.otf"],"assets/font/CircularStd-Medium.otf":["assets/font/CircularStd-Medium.otf"],"assets/font/CircularStd-Regular.otf":["assets/font/CircularStd-Regular.otf"],"assets/gif/checkmark.gif":["assets/gif/checkmark.gif"],"assets/gif/table.gif":["assets/gif/table.gif"],"assets/images/.DS_Store":["assets/images/.DS_Store"],"assets/images/EmptyCart.png":["assets/images/EmptyCart.png"],"assets/images/ah.jpg":["assets/images/ah.jpg"],"assets/images/boat.jpg":["assets/images/boat.jpg"],"assets/images/burger.jpg":["assets/images/burger.jpg"],"assets/images/cloth.jpg":["assets/images/cloth.jpg"],"assets/images/emptyNotification.png":["assets/images/emptyNotification.png"],"assets/images/favorite.png":["assets/images/favorite.png"],"assets/images/girlscan.jpg":["assets/images/girlscan.jpg"],"assets/images/hand.jpg":["assets/images/hand.jpg"],"assets/images/illustration-1.png":["assets/images/illustration-1.png"],"assets/images/illustration-2.png":["assets/images/illustration-2.png"],"assets/images/illustration-3.png":["assets/images/illustration-3.png"],"assets/images/image_1.png":["assets/images/image_1.png"],"assets/images/image_2.png":["assets/images/image_2.png"],"assets/images/image_3.png":["assets/images/image_3.png"],"assets/images/image_4.png":["assets/images/image_4.png"],"assets/images/image_5.png":["assets/images/image_5.png"],"assets/images/img.jpg":["assets/images/img.jpg"],"assets/images/payzapp.jpeg":["assets/images/payzapp.jpeg"],"assets/images/placeholder.png":["assets/images/placeholder.png"],"assets/images/rest.jpg":["assets/images/rest.jpg"],"assets/images/wishlist.svg":["assets/images/wishlist.svg"],"assets/png/.DS_Store":["assets/png/.DS_Store"],"assets/png/Crispy_Chicken.png":["assets/png/Crispy_Chicken.png"],"assets/png/Maintance.png":["assets/png/Maintance.png"],"assets/png/app_logo-removebg-preview.png":["assets/png/app_logo-removebg-preview.png"],"assets/png/app_logo.png":["assets/png/app_logo.png"],"assets/png/app_logo_icon.png":["assets/png/app_logo_icon.png"],"assets/png/arrow-right.png":["assets/png/arrow-right.png"],"assets/png/barcode-scanner.png":["assets/png/barcode-scanner.png"],"assets/png/barcode.png":["assets/png/barcode.png"],"assets/png/bhimupi.png":["assets/png/bhimupi.png"],"assets/png/burger.png":["assets/png/burger.png"],"assets/png/bus.png":["assets/png/bus.png"],"assets/png/check.png":["assets/png/check.png"],"assets/png/closed.png":["assets/png/closed.png"],"assets/png/cos.png":["assets/png/cos.png"],"assets/png/credit-card.png":["assets/png/credit-card.png"],"assets/png/discount.png":["assets/png/discount.png"],"assets/png/event.png":["assets/png/event.png"],"assets/png/facebook.png":["assets/png/facebook.png"],"assets/png/fastag.png":["assets/png/fastag.png"],"assets/png/gas-bottle.png":["assets/png/gas-bottle.png"],"assets/png/google.png":["assets/png/google.png"],"assets/png/house.png":["assets/png/house.png"],"assets/png/jumpq.png":["assets/png/jumpq.png"],"assets/png/light-bulb.png":["assets/png/light-bulb.png"],"assets/png/logo.png":["assets/png/logo.png"],"assets/png/logo_750.png":["assets/png/logo_750.png"],"assets/png/metro.png":["assets/png/metro.png"],"assets/png/mobile.png":["assets/png/mobile.png"],"assets/png/movie.png":["assets/png/movie.png"],"assets/png/no_data_found.jpeg":["assets/png/no_data_found.jpeg"],"assets/png/original.png":["assets/png/original.png"],"assets/png/paytm.png":["assets/png/paytm.png"],"assets/png/pos.png":["assets/png/pos.png"],"assets/png/recharge.png":["assets/png/recharge.png"],"assets/png/righttick.png":["assets/png/righttick.png"],"assets/png/router.png":["assets/png/router.png"],"assets/png/satellite-dish.png":["assets/png/satellite-dish.png"],"assets/png/sauce.png":["assets/png/sauce.png"],"assets/png/scan.png":["assets/png/scan.png"],"assets/png/security.png":["assets/png/security.png"],"assets/png/shoes.png":["assets/png/shoes.png"],"assets/png/shopping-cart.png":["assets/png/shopping-cart.png"],"assets/png/ticket-flight.png":["assets/png/ticket-flight.png"],"assets/png/tmoney.png":["assets/png/tmoney.png"],"assets/png/toll.png":["assets/png/toll.png"],"assets/png/train.png":["assets/png/train.png"],"assets/png/transaction.png":["assets/png/transaction.png"],"assets/png/u.png":["assets/png/u.png"],"packages/cupertino_icons/assets/CupertinoIcons.ttf":["packages/cupertino_icons/assets/CupertinoIcons.ttf"],"packages/fluttertoast/assets/toastify.css":["packages/fluttertoast/assets/toastify.css"],"packages/fluttertoast/assets/toastify.js":["packages/fluttertoast/assets/toastify.js"],"packages/font_awesome_flutter/lib/fonts/fa-brands-400.ttf":["packages/font_awesome_flutter/lib/fonts/fa-brands-400.ttf"],"packages/font_awesome_flutter/lib/fonts/fa-regular-400.ttf":["packages/font_awesome_flutter/lib/fonts/fa-regular-400.ttf"],"packages/font_awesome_flutter/lib/fonts/fa-solid-900.ttf":["packages/font_awesome_flutter/lib/fonts/fa-solid-900.ttf"],"packages/iconsax/lib/assets/fonts/iconsax.ttf":["packages/iconsax/lib/assets/fonts/iconsax.ttf"],"packages/intl_phone_field/assets/flags/ad.png":["packages/intl_phone_field/assets/flags/ad.png"],"packages/intl_phone_field/assets/flags/ae.png":["packages/intl_phone_field/assets/flags/ae.png"],"packages/intl_phone_field/assets/flags/af.png":["packages/intl_phone_field/assets/flags/af.png"],"packages/intl_phone_field/assets/flags/ag.png":["packages/intl_phone_field/assets/flags/ag.png"],"packages/intl_phone_field/assets/flags/ai.png":["packages/intl_phone_field/assets/flags/ai.png"],"packages/intl_phone_field/assets/flags/al.png":["packages/intl_phone_field/assets/flags/al.png"],"packages/intl_phone_field/assets/flags/am.png":["packages/intl_phone_field/assets/flags/am.png"],"packages/intl_phone_field/assets/flags/an.png":["packages/intl_phone_field/assets/flags/an.png"],"packages/intl_phone_field/assets/flags/ao.png":["packages/intl_phone_field/assets/flags/ao.png"],"packages/intl_phone_field/assets/flags/aq.png":["packages/intl_phone_field/assets/flags/aq.png"],"packages/intl_phone_field/assets/flags/ar.png":["packages/intl_phone_field/assets/flags/ar.png"],"packages/intl_phone_field/assets/flags/as.png":["packages/intl_phone_field/assets/flags/as.png"],"packages/intl_phone_field/assets/flags/at.png":["packages/intl_phone_field/assets/flags/at.png"],"packages/intl_phone_field/assets/flags/au.png":["packages/intl_phone_field/assets/flags/au.png"],"packages/intl_phone_field/assets/flags/aw.png":["packages/intl_phone_field/assets/flags/aw.png"],"packages/intl_phone_field/assets/flags/ax.png":["packages/intl_phone_field/assets/flags/ax.png"],"packages/intl_phone_field/assets/flags/az.png":["packages/intl_phone_field/assets/flags/az.png"],"packages/intl_phone_field/assets/flags/ba.png":["packages/intl_phone_field/assets/flags/ba.png"],"packages/intl_phone_field/assets/flags/bb.png":["packages/intl_phone_field/assets/flags/bb.png"],"packages/intl_phone_field/assets/flags/bd.png":["packages/intl_phone_field/assets/flags/bd.png"],"packages/intl_phone_field/assets/flags/be.png":["packages/intl_phone_field/assets/flags/be.png"],"packages/intl_phone_field/assets/flags/bf.png":["packages/intl_phone_field/assets/flags/bf.png"],"packages/intl_phone_field/assets/flags/bg.png":["packages/intl_phone_field/assets/flags/bg.png"],"packages/intl_phone_field/assets/flags/bh.png":["packages/intl_phone_field/assets/flags/bh.png"],"packages/intl_phone_field/assets/flags/bi.png":["packages/intl_phone_field/assets/flags/bi.png"],"packages/intl_phone_field/assets/flags/bj.png":["packages/intl_phone_field/assets/flags/bj.png"],"packages/intl_phone_field/assets/flags/bl.png":["packages/intl_phone_field/assets/flags/bl.png"],"packages/intl_phone_field/assets/flags/bm.png":["packages/intl_phone_field/assets/flags/bm.png"],"packages/intl_phone_field/assets/flags/bn.png":["packages/intl_phone_field/assets/flags/bn.png"],"packages/intl_phone_field/assets/flags/bo.png":["packages/intl_phone_field/assets/flags/bo.png"],"packages/intl_phone_field/assets/flags/bq.png":["packages/intl_phone_field/assets/flags/bq.png"],"packages/intl_phone_field/assets/flags/br.png":["packages/intl_phone_field/assets/flags/br.png"],"packages/intl_phone_field/assets/flags/bs.png":["packages/intl_phone_field/assets/flags/bs.png"],"packages/intl_phone_field/assets/flags/bt.png":["packages/intl_phone_field/assets/flags/bt.png"],"packages/intl_phone_field/assets/flags/bv.png":["packages/intl_phone_field/assets/flags/bv.png"],"packages/intl_phone_field/assets/flags/bw.png":["packages/intl_phone_field/assets/flags/bw.png"],"packages/intl_phone_field/assets/flags/by.png":["packages/intl_phone_field/assets/flags/by.png"],"packages/intl_phone_field/assets/flags/bz.png":["packages/intl_phone_field/assets/flags/bz.png"],"packages/intl_phone_field/assets/flags/ca.png":["packages/intl_phone_field/assets/flags/ca.png"],"packages/intl_phone_field/assets/flags/cc.png":["packages/intl_phone_field/assets/flags/cc.png"],"packages/intl_phone_field/assets/flags/cd.png":["packages/intl_phone_field/assets/flags/cd.png"],"packages/intl_phone_field/assets/flags/cf.png":["packages/intl_phone_field/assets/flags/cf.png"],"packages/intl_phone_field/assets/flags/cg.png":["packages/intl_phone_field/assets/flags/cg.png"],"packages/intl_phone_field/assets/flags/ch.png":["packages/intl_phone_field/assets/flags/ch.png"],"packages/intl_phone_field/assets/flags/ci.png":["packages/intl_phone_field/assets/flags/ci.png"],"packages/intl_phone_field/assets/flags/ck.png":["packages/intl_phone_field/assets/flags/ck.png"],"packages/intl_phone_field/assets/flags/cl.png":["packages/intl_phone_field/assets/flags/cl.png"],"packages/intl_phone_field/assets/flags/cm.png":["packages/intl_phone_field/assets/flags/cm.png"],"packages/intl_phone_field/assets/flags/cn.png":["packages/intl_phone_field/assets/flags/cn.png"],"packages/intl_phone_field/assets/flags/co.png":["packages/intl_phone_field/assets/flags/co.png"],"packages/intl_phone_field/assets/flags/cr.png":["packages/intl_phone_field/assets/flags/cr.png"],"packages/intl_phone_field/assets/flags/cu.png":["packages/intl_phone_field/assets/flags/cu.png"],"packages/intl_phone_field/assets/flags/cv.png":["packages/intl_phone_field/assets/flags/cv.png"],"packages/intl_phone_field/assets/flags/cw.png":["packages/intl_phone_field/assets/flags/cw.png"],"packages/intl_phone_field/assets/flags/cx.png":["packages/intl_phone_field/assets/flags/cx.png"],"packages/intl_phone_field/assets/flags/cy.png":["packages/intl_phone_field/assets/flags/cy.png"],"packages/intl_phone_field/assets/flags/cz.png":["packages/intl_phone_field/assets/flags/cz.png"],"packages/intl_phone_field/assets/flags/de.png":["packages/intl_phone_field/assets/flags/de.png"],"packages/intl_phone_field/assets/flags/dj.png":["packages/intl_phone_field/assets/flags/dj.png"],"packages/intl_phone_field/assets/flags/dk.png":["packages/intl_phone_field/assets/flags/dk.png"],"packages/intl_phone_field/assets/flags/dm.png":["packages/intl_phone_field/assets/flags/dm.png"],"packages/intl_phone_field/assets/flags/do.png":["packages/intl_phone_field/assets/flags/do.png"],"packages/intl_phone_field/assets/flags/dz.png":["packages/intl_phone_field/assets/flags/dz.png"],"packages/intl_phone_field/assets/flags/ec.png":["packages/intl_phone_field/assets/flags/ec.png"],"packages/intl_phone_field/assets/flags/ee.png":["packages/intl_phone_field/assets/flags/ee.png"],"packages/intl_phone_field/assets/flags/eg.png":["packages/intl_phone_field/assets/flags/eg.png"],"packages/intl_phone_field/assets/flags/eh.png":["packages/intl_phone_field/assets/flags/eh.png"],"packages/intl_phone_field/assets/flags/er.png":["packages/intl_phone_field/assets/flags/er.png"],"packages/intl_phone_field/assets/flags/es.png":["packages/intl_phone_field/assets/flags/es.png"],"packages/intl_phone_field/assets/flags/et.png":["packages/intl_phone_field/assets/flags/et.png"],"packages/intl_phone_field/assets/flags/eu.png":["packages/intl_phone_field/assets/flags/eu.png"],"packages/intl_phone_field/assets/flags/fi.png":["packages/intl_phone_field/assets/flags/fi.png"],"packages/intl_phone_field/assets/flags/fj.png":["packages/intl_phone_field/assets/flags/fj.png"],"packages/intl_phone_field/assets/flags/fk.png":["packages/intl_phone_field/assets/flags/fk.png"],"packages/intl_phone_field/assets/flags/fm.png":["packages/intl_phone_field/assets/flags/fm.png"],"packages/intl_phone_field/assets/flags/fo.png":["packages/intl_phone_field/assets/flags/fo.png"],"packages/intl_phone_field/assets/flags/fr.png":["packages/intl_phone_field/assets/flags/fr.png"],"packages/intl_phone_field/assets/flags/ga.png":["packages/intl_phone_field/assets/flags/ga.png"],"packages/intl_phone_field/assets/flags/gb-eng.png":["packages/intl_phone_field/assets/flags/gb-eng.png"],"packages/intl_phone_field/assets/flags/gb-nir.png":["packages/intl_phone_field/assets/flags/gb-nir.png"],"packages/intl_phone_field/assets/flags/gb-sct.png":["packages/intl_phone_field/assets/flags/gb-sct.png"],"packages/intl_phone_field/assets/flags/gb-wls.png":["packages/intl_phone_field/assets/flags/gb-wls.png"],"packages/intl_phone_field/assets/flags/gb.png":["packages/intl_phone_field/assets/flags/gb.png"],"packages/intl_phone_field/assets/flags/gd.png":["packages/intl_phone_field/assets/flags/gd.png"],"packages/intl_phone_field/assets/flags/ge.png":["packages/intl_phone_field/assets/flags/ge.png"],"packages/intl_phone_field/assets/flags/gf.png":["packages/intl_phone_field/assets/flags/gf.png"],"packages/intl_phone_field/assets/flags/gg.png":["packages/intl_phone_field/assets/flags/gg.png"],"packages/intl_phone_field/assets/flags/gh.png":["packages/intl_phone_field/assets/flags/gh.png"],"packages/intl_phone_field/assets/flags/gi.png":["packages/intl_phone_field/assets/flags/gi.png"],"packages/intl_phone_field/assets/flags/gl.png":["packages/intl_phone_field/assets/flags/gl.png"],"packages/intl_phone_field/assets/flags/gm.png":["packages/intl_phone_field/assets/flags/gm.png"],"packages/intl_phone_field/assets/flags/gn.png":["packages/intl_phone_field/assets/flags/gn.png"],"packages/intl_phone_field/assets/flags/gp.png":["packages/intl_phone_field/assets/flags/gp.png"],"packages/intl_phone_field/assets/flags/gq.png":["packages/intl_phone_field/assets/flags/gq.png"],"packages/intl_phone_field/assets/flags/gr.png":["packages/intl_phone_field/assets/flags/gr.png"],"packages/intl_phone_field/assets/flags/gs.png":["packages/intl_phone_field/assets/flags/gs.png"],"packages/intl_phone_field/assets/flags/gt.png":["packages/intl_phone_field/assets/flags/gt.png"],"packages/intl_phone_field/assets/flags/gu.png":["packages/intl_phone_field/assets/flags/gu.png"],"packages/intl_phone_field/assets/flags/gw.png":["packages/intl_phone_field/assets/flags/gw.png"],"packages/intl_phone_field/assets/flags/gy.png":["packages/intl_phone_field/assets/flags/gy.png"],"packages/intl_phone_field/assets/flags/hk.png":["packages/intl_phone_field/assets/flags/hk.png"],"packages/intl_phone_field/assets/flags/hm.png":["packages/intl_phone_field/assets/flags/hm.png"],"packages/intl_phone_field/assets/flags/hn.png":["packages/intl_phone_field/assets/flags/hn.png"],"packages/intl_phone_field/assets/flags/hr.png":["packages/intl_phone_field/assets/flags/hr.png"],"packages/intl_phone_field/assets/flags/ht.png":["packages/intl_phone_field/assets/flags/ht.png"],"packages/intl_phone_field/assets/flags/hu.png":["packages/intl_phone_field/assets/flags/hu.png"],"packages/intl_phone_field/assets/flags/id.png":["packages/intl_phone_field/assets/flags/id.png"],"packages/intl_phone_field/assets/flags/ie.png":["packages/intl_phone_field/assets/flags/ie.png"],"packages/intl_phone_field/assets/flags/il.png":["packages/intl_phone_field/assets/flags/il.png"],"packages/intl_phone_field/assets/flags/im.png":["packages/intl_phone_field/assets/flags/im.png"],"packages/intl_phone_field/assets/flags/in.png":["packages/intl_phone_field/assets/flags/in.png"],"packages/intl_phone_field/assets/flags/io.png":["packages/intl_phone_field/assets/flags/io.png"],"packages/intl_phone_field/assets/flags/iq.png":["packages/intl_phone_field/assets/flags/iq.png"],"packages/intl_phone_field/assets/flags/ir.png":["packages/intl_phone_field/assets/flags/ir.png"],"packages/intl_phone_field/assets/flags/is.png":["packages/intl_phone_field/assets/flags/is.png"],"packages/intl_phone_field/assets/flags/it.png":["packages/intl_phone_field/assets/flags/it.png"],"packages/intl_phone_field/assets/flags/je.png":["packages/intl_phone_field/assets/flags/je.png"],"packages/intl_phone_field/assets/flags/jm.png":["packages/intl_phone_field/assets/flags/jm.png"],"packages/intl_phone_field/assets/flags/jo.png":["packages/intl_phone_field/assets/flags/jo.png"],"packages/intl_phone_field/assets/flags/jp.png":["packages/intl_phone_field/assets/flags/jp.png"],"packages/intl_phone_field/assets/flags/ke.png":["packages/intl_phone_field/assets/flags/ke.png"],"packages/intl_phone_field/assets/flags/kg.png":["packages/intl_phone_field/assets/flags/kg.png"],"packages/intl_phone_field/assets/flags/kh.png":["packages/intl_phone_field/assets/flags/kh.png"],"packages/intl_phone_field/assets/flags/ki.png":["packages/intl_phone_field/assets/flags/ki.png"],"packages/intl_phone_field/assets/flags/km.png":["packages/intl_phone_field/assets/flags/km.png"],"packages/intl_phone_field/assets/flags/kn.png":["packages/intl_phone_field/assets/flags/kn.png"],"packages/intl_phone_field/assets/flags/kp.png":["packages/intl_phone_field/assets/flags/kp.png"],"packages/intl_phone_field/assets/flags/kr.png":["packages/intl_phone_field/assets/flags/kr.png"],"packages/intl_phone_field/assets/flags/kw.png":["packages/intl_phone_field/assets/flags/kw.png"],"packages/intl_phone_field/assets/flags/ky.png":["packages/intl_phone_field/assets/flags/ky.png"],"packages/intl_phone_field/assets/flags/kz.png":["packages/intl_phone_field/assets/flags/kz.png"],"packages/intl_phone_field/assets/flags/la.png":["packages/intl_phone_field/assets/flags/la.png"],"packages/intl_phone_field/assets/flags/lb.png":["packages/intl_phone_field/assets/flags/lb.png"],"packages/intl_phone_field/assets/flags/lc.png":["packages/intl_phone_field/assets/flags/lc.png"],"packages/intl_phone_field/assets/flags/li.png":["packages/intl_phone_field/assets/flags/li.png"],"packages/intl_phone_field/assets/flags/lk.png":["packages/intl_phone_field/assets/flags/lk.png"],"packages/intl_phone_field/assets/flags/lr.png":["packages/intl_phone_field/assets/flags/lr.png"],"packages/intl_phone_field/assets/flags/ls.png":["packages/intl_phone_field/assets/flags/ls.png"],"packages/intl_phone_field/assets/flags/lt.png":["packages/intl_phone_field/assets/flags/lt.png"],"packages/intl_phone_field/assets/flags/lu.png":["packages/intl_phone_field/assets/flags/lu.png"],"packages/intl_phone_field/assets/flags/lv.png":["packages/intl_phone_field/assets/flags/lv.png"],"packages/intl_phone_field/assets/flags/ly.png":["packages/intl_phone_field/assets/flags/ly.png"],"packages/intl_phone_field/assets/flags/ma.png":["packages/intl_phone_field/assets/flags/ma.png"],"packages/intl_phone_field/assets/flags/mc.png":["packages/intl_phone_field/assets/flags/mc.png"],"packages/intl_phone_field/assets/flags/md.png":["packages/intl_phone_field/assets/flags/md.png"],"packages/intl_phone_field/assets/flags/me.png":["packages/intl_phone_field/assets/flags/me.png"],"packages/intl_phone_field/assets/flags/mf.png":["packages/intl_phone_field/assets/flags/mf.png"],"packages/intl_phone_field/assets/flags/mg.png":["packages/intl_phone_field/assets/flags/mg.png"],"packages/intl_phone_field/assets/flags/mh.png":["packages/intl_phone_field/assets/flags/mh.png"],"packages/intl_phone_field/assets/flags/mk.png":["packages/intl_phone_field/assets/flags/mk.png"],"packages/intl_phone_field/assets/flags/ml.png":["packages/intl_phone_field/assets/flags/ml.png"],"packages/intl_phone_field/assets/flags/mm.png":["packages/intl_phone_field/assets/flags/mm.png"],"packages/intl_phone_field/assets/flags/mn.png":["packages/intl_phone_field/assets/flags/mn.png"],"packages/intl_phone_field/assets/flags/mo.png":["packages/intl_phone_field/assets/flags/mo.png"],"packages/intl_phone_field/assets/flags/mp.png":["packages/intl_phone_field/assets/flags/mp.png"],"packages/intl_phone_field/assets/flags/mq.png":["packages/intl_phone_field/assets/flags/mq.png"],"packages/intl_phone_field/assets/flags/mr.png":["packages/intl_phone_field/assets/flags/mr.png"],"packages/intl_phone_field/assets/flags/ms.png":["packages/intl_phone_field/assets/flags/ms.png"],"packages/intl_phone_field/assets/flags/mt.png":["packages/intl_phone_field/assets/flags/mt.png"],"packages/intl_phone_field/assets/flags/mu.png":["packages/intl_phone_field/assets/flags/mu.png"],"packages/intl_phone_field/assets/flags/mv.png":["packages/intl_phone_field/assets/flags/mv.png"],"packages/intl_phone_field/assets/flags/mw.png":["packages/intl_phone_field/assets/flags/mw.png"],"packages/intl_phone_field/assets/flags/mx.png":["packages/intl_phone_field/assets/flags/mx.png"],"packages/intl_phone_field/assets/flags/my.png":["packages/intl_phone_field/assets/flags/my.png"],"packages/intl_phone_field/assets/flags/mz.png":["packages/intl_phone_field/assets/flags/mz.png"],"packages/intl_phone_field/assets/flags/na.png":["packages/intl_phone_field/assets/flags/na.png"],"packages/intl_phone_field/assets/flags/nc.png":["packages/intl_phone_field/assets/flags/nc.png"],"packages/intl_phone_field/assets/flags/ne.png":["packages/intl_phone_field/assets/flags/ne.png"],"packages/intl_phone_field/assets/flags/nf.png":["packages/intl_phone_field/assets/flags/nf.png"],"packages/intl_phone_field/assets/flags/ng.png":["packages/intl_phone_field/assets/flags/ng.png"],"packages/intl_phone_field/assets/flags/ni.png":["packages/intl_phone_field/assets/flags/ni.png"],"packages/intl_phone_field/assets/flags/nl.png":["packages/intl_phone_field/assets/flags/nl.png"],"packages/intl_phone_field/assets/flags/no.png":["packages/intl_phone_field/assets/flags/no.png"],"packages/intl_phone_field/assets/flags/np.png":["packages/intl_phone_field/assets/flags/np.png"],"packages/intl_phone_field/assets/flags/nr.png":["packages/intl_phone_field/assets/flags/nr.png"],"packages/intl_phone_field/assets/flags/nu.png":["packages/intl_phone_field/assets/flags/nu.png"],"packages/intl_phone_field/assets/flags/nz.png":["packages/intl_phone_field/assets/flags/nz.png"],"packages/intl_phone_field/assets/flags/om.png":["packages/intl_phone_field/assets/flags/om.png"],"packages/intl_phone_field/assets/flags/pa.png":["packages/intl_phone_field/assets/flags/pa.png"],"packages/intl_phone_field/assets/flags/pe.png":["packages/intl_phone_field/assets/flags/pe.png"],"packages/intl_phone_field/assets/flags/pf.png":["packages/intl_phone_field/assets/flags/pf.png"],"packages/intl_phone_field/assets/flags/pg.png":["packages/intl_phone_field/assets/flags/pg.png"],"packages/intl_phone_field/assets/flags/ph.png":["packages/intl_phone_field/assets/flags/ph.png"],"packages/intl_phone_field/assets/flags/pk.png":["packages/intl_phone_field/assets/flags/pk.png"],"packages/intl_phone_field/assets/flags/pl.png":["packages/intl_phone_field/assets/flags/pl.png"],"packages/intl_phone_field/assets/flags/pm.png":["packages/intl_phone_field/assets/flags/pm.png"],"packages/intl_phone_field/assets/flags/pn.png":["packages/intl_phone_field/assets/flags/pn.png"],"packages/intl_phone_field/assets/flags/pr.png":["packages/intl_phone_field/assets/flags/pr.png"],"packages/intl_phone_field/assets/flags/ps.png":["packages/intl_phone_field/assets/flags/ps.png"],"packages/intl_phone_field/assets/flags/pt.png":["packages/intl_phone_field/assets/flags/pt.png"],"packages/intl_phone_field/assets/flags/pw.png":["packages/intl_phone_field/assets/flags/pw.png"],"packages/intl_phone_field/assets/flags/py.png":["packages/intl_phone_field/assets/flags/py.png"],"packages/intl_phone_field/assets/flags/qa.png":["packages/intl_phone_field/assets/flags/qa.png"],"packages/intl_phone_field/assets/flags/re.png":["packages/intl_phone_field/assets/flags/re.png"],"packages/intl_phone_field/assets/flags/ro.png":["packages/intl_phone_field/assets/flags/ro.png"],"packages/intl_phone_field/assets/flags/rs.png":["packages/intl_phone_field/assets/flags/rs.png"],"packages/intl_phone_field/assets/flags/ru.png":["packages/intl_phone_field/assets/flags/ru.png"],"packages/intl_phone_field/assets/flags/rw.png":["packages/intl_phone_field/assets/flags/rw.png"],"packages/intl_phone_field/assets/flags/sa.png":["packages/intl_phone_field/assets/flags/sa.png"],"packages/intl_phone_field/assets/flags/sb.png":["packages/intl_phone_field/assets/flags/sb.png"],"packages/intl_phone_field/assets/flags/sc.png":["packages/intl_phone_field/assets/flags/sc.png"],"packages/intl_phone_field/assets/flags/sd.png":["packages/intl_phone_field/assets/flags/sd.png"],"packages/intl_phone_field/assets/flags/se.png":["packages/intl_phone_field/assets/flags/se.png"],"packages/intl_phone_field/assets/flags/sg.png":["packages/intl_phone_field/assets/flags/sg.png"],"packages/intl_phone_field/assets/flags/sh.png":["packages/intl_phone_field/assets/flags/sh.png"],"packages/intl_phone_field/assets/flags/si.png":["packages/intl_phone_field/assets/flags/si.png"],"packages/intl_phone_field/assets/flags/sj.png":["packages/intl_phone_field/assets/flags/sj.png"],"packages/intl_phone_field/assets/flags/sk.png":["packages/intl_phone_field/assets/flags/sk.png"],"packages/intl_phone_field/assets/flags/sl.png":["packages/intl_phone_field/assets/flags/sl.png"],"packages/intl_phone_field/assets/flags/sm.png":["packages/intl_phone_field/assets/flags/sm.png"],"packages/intl_phone_field/assets/flags/sn.png":["packages/intl_phone_field/assets/flags/sn.png"],"packages/intl_phone_field/assets/flags/so.png":["packages/intl_phone_field/assets/flags/so.png"],"packages/intl_phone_field/assets/flags/sr.png":["packages/intl_phone_field/assets/flags/sr.png"],"packages/intl_phone_field/assets/flags/ss.png":["packages/intl_phone_field/assets/flags/ss.png"],"packages/intl_phone_field/assets/flags/st.png":["packages/intl_phone_field/assets/flags/st.png"],"packages/intl_phone_field/assets/flags/sv.png":["packages/intl_phone_field/assets/flags/sv.png"],"packages/intl_phone_field/assets/flags/sx.png":["packages/intl_phone_field/assets/flags/sx.png"],"packages/intl_phone_field/assets/flags/sy.png":["packages/intl_phone_field/assets/flags/sy.png"],"packages/intl_phone_field/assets/flags/sz.png":["packages/intl_phone_field/assets/flags/sz.png"],"packages/intl_phone_field/assets/flags/tc.png":["packages/intl_phone_field/assets/flags/tc.png"],"packages/intl_phone_field/assets/flags/td.png":["packages/intl_phone_field/assets/flags/td.png"],"packages/intl_phone_field/assets/flags/tf.png":["packages/intl_phone_field/assets/flags/tf.png"],"packages/intl_phone_field/assets/flags/tg.png":["packages/intl_phone_field/assets/flags/tg.png"],"packages/intl_phone_field/assets/flags/th.png":["packages/intl_phone_field/assets/flags/th.png"],"packages/intl_phone_field/assets/flags/tj.png":["packages/intl_phone_field/assets/flags/tj.png"],"packages/intl_phone_field/assets/flags/tk.png":["packages/intl_phone_field/assets/flags/tk.png"],"packages/intl_phone_field/assets/flags/tl.png":["packages/intl_phone_field/assets/flags/tl.png"],"packages/intl_phone_field/assets/flags/tm.png":["packages/intl_phone_field/assets/flags/tm.png"],"packages/intl_phone_field/assets/flags/tn.png":["packages/intl_phone_field/assets/flags/tn.png"],"packages/intl_phone_field/assets/flags/to.png":["packages/intl_phone_field/assets/flags/to.png"],"packages/intl_phone_field/assets/flags/tr.png":["packages/intl_phone_field/assets/flags/tr.png"],"packages/intl_phone_field/assets/flags/tt.png":["packages/intl_phone_field/assets/flags/tt.png"],"packages/intl_phone_field/assets/flags/tv.png":["packages/intl_phone_field/assets/flags/tv.png"],"packages/intl_phone_field/assets/flags/tw.png":["packages/intl_phone_field/assets/flags/tw.png"],"packages/intl_phone_field/assets/flags/tz.png":["packages/intl_phone_field/assets/flags/tz.png"],"packages/intl_phone_field/assets/flags/ua.png":["packages/intl_phone_field/assets/flags/ua.png"],"packages/intl_phone_field/assets/flags/ug.png":["packages/intl_phone_field/assets/flags/ug.png"],"packages/intl_phone_field/assets/flags/um.png":["packages/intl_phone_field/assets/flags/um.png"],"packages/intl_phone_field/assets/flags/us.png":["packages/intl_phone_field/assets/flags/us.png"],"packages/intl_phone_field/assets/flags/uy.png":["packages/intl_phone_field/assets/flags/uy.png"],"packages/intl_phone_field/assets/flags/uz.png":["packages/intl_phone_field/assets/flags/uz.png"],"packages/intl_phone_field/assets/flags/va.png":["packages/intl_phone_field/assets/flags/va.png"],"packages/intl_phone_field/assets/flags/vc.png":["packages/intl_phone_field/assets/flags/vc.png"],"packages/intl_phone_field/assets/flags/ve.png":["packages/intl_phone_field/assets/flags/ve.png"],"packages/intl_phone_field/assets/flags/vg.png":["packages/intl_phone_field/assets/flags/vg.png"],"packages/intl_phone_field/assets/flags/vi.png":["packages/intl_phone_field/assets/flags/vi.png"],"packages/intl_phone_field/assets/flags/vn.png":["packages/intl_phone_field/assets/flags/vn.png"],"packages/intl_phone_field/assets/flags/vu.png":["packages/intl_phone_field/assets/flags/vu.png"],"packages/intl_phone_field/assets/flags/wf.png":["packages/intl_phone_field/assets/flags/wf.png"],"packages/intl_phone_field/assets/flags/ws.png":["packages/intl_phone_field/assets/flags/ws.png"],"packages/intl_phone_field/assets/flags/xk.png":["packages/intl_phone_field/assets/flags/xk.png"],"packages/intl_phone_field/assets/flags/ye.png":["packages/intl_phone_field/assets/flags/ye.png"],"packages/intl_phone_field/assets/flags/yt.png":["packages/intl_phone_field/assets/flags/yt.png"],"packages/intl_phone_field/assets/flags/za.png":["packages/intl_phone_field/assets/flags/za.png"],"packages/intl_phone_field/assets/flags/zm.png":["packages/intl_phone_field/assets/flags/zm.png"],"packages/intl_phone_field/assets/flags/zw.png":["packages/intl_phone_field/assets/flags/zw.png"],"packages/intl_phone_number_input/assets/flags/ad.png":["packages/intl_phone_number_input/assets/flags/ad.png"],"packages/intl_phone_number_input/assets/flags/ae.png":["packages/intl_phone_number_input/assets/flags/ae.png"],"packages/intl_phone_number_input/assets/flags/af.png":["packages/intl_phone_number_input/assets/flags/af.png"],"packages/intl_phone_number_input/assets/flags/ag.png":["packages/intl_phone_number_input/assets/flags/ag.png"],"packages/intl_phone_number_input/assets/flags/ai.png":["packages/intl_phone_number_input/assets/flags/ai.png"],"packages/intl_phone_number_input/assets/flags/al.png":["packages/intl_phone_number_input/assets/flags/al.png"],"packages/intl_phone_number_input/assets/flags/am.png":["packages/intl_phone_number_input/assets/flags/am.png"],"packages/intl_phone_number_input/assets/flags/an.png":["packages/intl_phone_number_input/assets/flags/an.png"],"packages/intl_phone_number_input/assets/flags/ao.png":["packages/intl_phone_number_input/assets/flags/ao.png"],"packages/intl_phone_number_input/assets/flags/aq.png":["packages/intl_phone_number_input/assets/flags/aq.png"],"packages/intl_phone_number_input/assets/flags/ar.png":["packages/intl_phone_number_input/assets/flags/ar.png"],"packages/intl_phone_number_input/assets/flags/as.png":["packages/intl_phone_number_input/assets/flags/as.png"],"packages/intl_phone_number_input/assets/flags/at.png":["packages/intl_phone_number_input/assets/flags/at.png"],"packages/intl_phone_number_input/assets/flags/au.png":["packages/intl_phone_number_input/assets/flags/au.png"],"packages/intl_phone_number_input/assets/flags/aw.png":["packages/intl_phone_number_input/assets/flags/aw.png"],"packages/intl_phone_number_input/assets/flags/ax.png":["packages/intl_phone_number_input/assets/flags/ax.png"],"packages/intl_phone_number_input/assets/flags/az.png":["packages/intl_phone_number_input/assets/flags/az.png"],"packages/intl_phone_number_input/assets/flags/ba.png":["packages/intl_phone_number_input/assets/flags/ba.png"],"packages/intl_phone_number_input/assets/flags/bb.png":["packages/intl_phone_number_input/assets/flags/bb.png"],"packages/intl_phone_number_input/assets/flags/bd.png":["packages/intl_phone_number_input/assets/flags/bd.png"],"packages/intl_phone_number_input/assets/flags/be.png":["packages/intl_phone_number_input/assets/flags/be.png"],"packages/intl_phone_number_input/assets/flags/bf.png":["packages/intl_phone_number_input/assets/flags/bf.png"],"packages/intl_phone_number_input/assets/flags/bg.png":["packages/intl_phone_number_input/assets/flags/bg.png"],"packages/intl_phone_number_input/assets/flags/bh.png":["packages/intl_phone_number_input/assets/flags/bh.png"],"packages/intl_phone_number_input/assets/flags/bi.png":["packages/intl_phone_number_input/assets/flags/bi.png"],"packages/intl_phone_number_input/assets/flags/bj.png":["packages/intl_phone_number_input/assets/flags/bj.png"],"packages/intl_phone_number_input/assets/flags/bl.png":["packages/intl_phone_number_input/assets/flags/bl.png"],"packages/intl_phone_number_input/assets/flags/bm.png":["packages/intl_phone_number_input/assets/flags/bm.png"],"packages/intl_phone_number_input/assets/flags/bn.png":["packages/intl_phone_number_input/assets/flags/bn.png"],"packages/intl_phone_number_input/assets/flags/bo.png":["packages/intl_phone_number_input/assets/flags/bo.png"],"packages/intl_phone_number_input/assets/flags/bq.png":["packages/intl_phone_number_input/assets/flags/bq.png"],"packages/intl_phone_number_input/assets/flags/br.png":["packages/intl_phone_number_input/assets/flags/br.png"],"packages/intl_phone_number_input/assets/flags/bs.png":["packages/intl_phone_number_input/assets/flags/bs.png"],"packages/intl_phone_number_input/assets/flags/bt.png":["packages/intl_phone_number_input/assets/flags/bt.png"],"packages/intl_phone_number_input/assets/flags/bv.png":["packages/intl_phone_number_input/assets/flags/bv.png"],"packages/intl_phone_number_input/assets/flags/bw.png":["packages/intl_phone_number_input/assets/flags/bw.png"],"packages/intl_phone_number_input/assets/flags/by.png":["packages/intl_phone_number_input/assets/flags/by.png"],"packages/intl_phone_number_input/assets/flags/bz.png":["packages/intl_phone_number_input/assets/flags/bz.png"],"packages/intl_phone_number_input/assets/flags/ca.png":["packages/intl_phone_number_input/assets/flags/ca.png"],"packages/intl_phone_number_input/assets/flags/cc.png":["packages/intl_phone_number_input/assets/flags/cc.png"],"packages/intl_phone_number_input/assets/flags/cd.png":["packages/intl_phone_number_input/assets/flags/cd.png"],"packages/intl_phone_number_input/assets/flags/cf.png":["packages/intl_phone_number_input/assets/flags/cf.png"],"packages/intl_phone_number_input/assets/flags/cg.png":["packages/intl_phone_number_input/assets/flags/cg.png"],"packages/intl_phone_number_input/assets/flags/ch.png":["packages/intl_phone_number_input/assets/flags/ch.png"],"packages/intl_phone_number_input/assets/flags/ci.png":["packages/intl_phone_number_input/assets/flags/ci.png"],"packages/intl_phone_number_input/assets/flags/ck.png":["packages/intl_phone_number_input/assets/flags/ck.png"],"packages/intl_phone_number_input/assets/flags/cl.png":["packages/intl_phone_number_input/assets/flags/cl.png"],"packages/intl_phone_number_input/assets/flags/cm.png":["packages/intl_phone_number_input/assets/flags/cm.png"],"packages/intl_phone_number_input/assets/flags/cn.png":["packages/intl_phone_number_input/assets/flags/cn.png"],"packages/intl_phone_number_input/assets/flags/co.png":["packages/intl_phone_number_input/assets/flags/co.png"],"packages/intl_phone_number_input/assets/flags/cr.png":["packages/intl_phone_number_input/assets/flags/cr.png"],"packages/intl_phone_number_input/assets/flags/cu.png":["packages/intl_phone_number_input/assets/flags/cu.png"],"packages/intl_phone_number_input/assets/flags/cv.png":["packages/intl_phone_number_input/assets/flags/cv.png"],"packages/intl_phone_number_input/assets/flags/cw.png":["packages/intl_phone_number_input/assets/flags/cw.png"],"packages/intl_phone_number_input/assets/flags/cx.png":["packages/intl_phone_number_input/assets/flags/cx.png"],"packages/intl_phone_number_input/assets/flags/cy.png":["packages/intl_phone_number_input/assets/flags/cy.png"],"packages/intl_phone_number_input/assets/flags/cz.png":["packages/intl_phone_number_input/assets/flags/cz.png"],"packages/intl_phone_number_input/assets/flags/de.png":["packages/intl_phone_number_input/assets/flags/de.png"],"packages/intl_phone_number_input/assets/flags/dj.png":["packages/intl_phone_number_input/assets/flags/dj.png"],"packages/intl_phone_number_input/assets/flags/dk.png":["packages/intl_phone_number_input/assets/flags/dk.png"],"packages/intl_phone_number_input/assets/flags/dm.png":["packages/intl_phone_number_input/assets/flags/dm.png"],"packages/intl_phone_number_input/assets/flags/do.png":["packages/intl_phone_number_input/assets/flags/do.png"],"packages/intl_phone_number_input/assets/flags/dz.png":["packages/intl_phone_number_input/assets/flags/dz.png"],"packages/intl_phone_number_input/assets/flags/ec.png":["packages/intl_phone_number_input/assets/flags/ec.png"],"packages/intl_phone_number_input/assets/flags/ee.png":["packages/intl_phone_number_input/assets/flags/ee.png"],"packages/intl_phone_number_input/assets/flags/eg.png":["packages/intl_phone_number_input/assets/flags/eg.png"],"packages/intl_phone_number_input/assets/flags/eh.png":["packages/intl_phone_number_input/assets/flags/eh.png"],"packages/intl_phone_number_input/assets/flags/er.png":["packages/intl_phone_number_input/assets/flags/er.png"],"packages/intl_phone_number_input/assets/flags/es.png":["packages/intl_phone_number_input/assets/flags/es.png"],"packages/intl_phone_number_input/assets/flags/et.png":["packages/intl_phone_number_input/assets/flags/et.png"],"packages/intl_phone_number_input/assets/flags/eu.png":["packages/intl_phone_number_input/assets/flags/eu.png"],"packages/intl_phone_number_input/assets/flags/fi.png":["packages/intl_phone_number_input/assets/flags/fi.png"],"packages/intl_phone_number_input/assets/flags/fj.png":["packages/intl_phone_number_input/assets/flags/fj.png"],"packages/intl_phone_number_input/assets/flags/fk.png":["packages/intl_phone_number_input/assets/flags/fk.png"],"packages/intl_phone_number_input/assets/flags/fm.png":["packages/intl_phone_number_input/assets/flags/fm.png"],"packages/intl_phone_number_input/assets/flags/fo.png":["packages/intl_phone_number_input/assets/flags/fo.png"],"packages/intl_phone_number_input/assets/flags/fr.png":["packages/intl_phone_number_input/assets/flags/fr.png"],"packages/intl_phone_number_input/assets/flags/ga.png":["packages/intl_phone_number_input/assets/flags/ga.png"],"packages/intl_phone_number_input/assets/flags/gb-eng.png":["packages/intl_phone_number_input/assets/flags/gb-eng.png"],"packages/intl_phone_number_input/assets/flags/gb-nir.png":["packages/intl_phone_number_input/assets/flags/gb-nir.png"],"packages/intl_phone_number_input/assets/flags/gb-sct.png":["packages/intl_phone_number_input/assets/flags/gb-sct.png"],"packages/intl_phone_number_input/assets/flags/gb-wls.png":["packages/intl_phone_number_input/assets/flags/gb-wls.png"],"packages/intl_phone_number_input/assets/flags/gb.png":["packages/intl_phone_number_input/assets/flags/gb.png"],"packages/intl_phone_number_input/assets/flags/gd.png":["packages/intl_phone_number_input/assets/flags/gd.png"],"packages/intl_phone_number_input/assets/flags/ge.png":["packages/intl_phone_number_input/assets/flags/ge.png"],"packages/intl_phone_number_input/assets/flags/gf.png":["packages/intl_phone_number_input/assets/flags/gf.png"],"packages/intl_phone_number_input/assets/flags/gg.png":["packages/intl_phone_number_input/assets/flags/gg.png"],"packages/intl_phone_number_input/assets/flags/gh.png":["packages/intl_phone_number_input/assets/flags/gh.png"],"packages/intl_phone_number_input/assets/flags/gi.png":["packages/intl_phone_number_input/assets/flags/gi.png"],"packages/intl_phone_number_input/assets/flags/gl.png":["packages/intl_phone_number_input/assets/flags/gl.png"],"packages/intl_phone_number_input/assets/flags/gm.png":["packages/intl_phone_number_input/assets/flags/gm.png"],"packages/intl_phone_number_input/assets/flags/gn.png":["packages/intl_phone_number_input/assets/flags/gn.png"],"packages/intl_phone_number_input/assets/flags/gp.png":["packages/intl_phone_number_input/assets/flags/gp.png"],"packages/intl_phone_number_input/assets/flags/gq.png":["packages/intl_phone_number_input/assets/flags/gq.png"],"packages/intl_phone_number_input/assets/flags/gr.png":["packages/intl_phone_number_input/assets/flags/gr.png"],"packages/intl_phone_number_input/assets/flags/gs.png":["packages/intl_phone_number_input/assets/flags/gs.png"],"packages/intl_phone_number_input/assets/flags/gt.png":["packages/intl_phone_number_input/assets/flags/gt.png"],"packages/intl_phone_number_input/assets/flags/gu.png":["packages/intl_phone_number_input/assets/flags/gu.png"],"packages/intl_phone_number_input/assets/flags/gw.png":["packages/intl_phone_number_input/assets/flags/gw.png"],"packages/intl_phone_number_input/assets/flags/gy.png":["packages/intl_phone_number_input/assets/flags/gy.png"],"packages/intl_phone_number_input/assets/flags/hk.png":["packages/intl_phone_number_input/assets/flags/hk.png"],"packages/intl_phone_number_input/assets/flags/hm.png":["packages/intl_phone_number_input/assets/flags/hm.png"],"packages/intl_phone_number_input/assets/flags/hn.png":["packages/intl_phone_number_input/assets/flags/hn.png"],"packages/intl_phone_number_input/assets/flags/hr.png":["packages/intl_phone_number_input/assets/flags/hr.png"],"packages/intl_phone_number_input/assets/flags/ht.png":["packages/intl_phone_number_input/assets/flags/ht.png"],"packages/intl_phone_number_input/assets/flags/hu.png":["packages/intl_phone_number_input/assets/flags/hu.png"],"packages/intl_phone_number_input/assets/flags/id.png":["packages/intl_phone_number_input/assets/flags/id.png"],"packages/intl_phone_number_input/assets/flags/ie.png":["packages/intl_phone_number_input/assets/flags/ie.png"],"packages/intl_phone_number_input/assets/flags/il.png":["packages/intl_phone_number_input/assets/flags/il.png"],"packages/intl_phone_number_input/assets/flags/im.png":["packages/intl_phone_number_input/assets/flags/im.png"],"packages/intl_phone_number_input/assets/flags/in.png":["packages/intl_phone_number_input/assets/flags/in.png"],"packages/intl_phone_number_input/assets/flags/io.png":["packages/intl_phone_number_input/assets/flags/io.png"],"packages/intl_phone_number_input/assets/flags/iq.png":["packages/intl_phone_number_input/assets/flags/iq.png"],"packages/intl_phone_number_input/assets/flags/ir.png":["packages/intl_phone_number_input/assets/flags/ir.png"],"packages/intl_phone_number_input/assets/flags/is.png":["packages/intl_phone_number_input/assets/flags/is.png"],"packages/intl_phone_number_input/assets/flags/it.png":["packages/intl_phone_number_input/assets/flags/it.png"],"packages/intl_phone_number_input/assets/flags/je.png":["packages/intl_phone_number_input/assets/flags/je.png"],"packages/intl_phone_number_input/assets/flags/jm.png":["packages/intl_phone_number_input/assets/flags/jm.png"],"packages/intl_phone_number_input/assets/flags/jo.png":["packages/intl_phone_number_input/assets/flags/jo.png"],"packages/intl_phone_number_input/assets/flags/jp.png":["packages/intl_phone_number_input/assets/flags/jp.png"],"packages/intl_phone_number_input/assets/flags/ke.png":["packages/intl_phone_number_input/assets/flags/ke.png"],"packages/intl_phone_number_input/assets/flags/kg.png":["packages/intl_phone_number_input/assets/flags/kg.png"],"packages/intl_phone_number_input/assets/flags/kh.png":["packages/intl_phone_number_input/assets/flags/kh.png"],"packages/intl_phone_number_input/assets/flags/ki.png":["packages/intl_phone_number_input/assets/flags/ki.png"],"packages/intl_phone_number_input/assets/flags/km.png":["packages/intl_phone_number_input/assets/flags/km.png"],"packages/intl_phone_number_input/assets/flags/kn.png":["packages/intl_phone_number_input/assets/flags/kn.png"],"packages/intl_phone_number_input/assets/flags/kp.png":["packages/intl_phone_number_input/assets/flags/kp.png"],"packages/intl_phone_number_input/assets/flags/kr.png":["packages/intl_phone_number_input/assets/flags/kr.png"],"packages/intl_phone_number_input/assets/flags/kw.png":["packages/intl_phone_number_input/assets/flags/kw.png"],"packages/intl_phone_number_input/assets/flags/ky.png":["packages/intl_phone_number_input/assets/flags/ky.png"],"packages/intl_phone_number_input/assets/flags/kz.png":["packages/intl_phone_number_input/assets/flags/kz.png"],"packages/intl_phone_number_input/assets/flags/la.png":["packages/intl_phone_number_input/assets/flags/la.png"],"packages/intl_phone_number_input/assets/flags/lb.png":["packages/intl_phone_number_input/assets/flags/lb.png"],"packages/intl_phone_number_input/assets/flags/lc.png":["packages/intl_phone_number_input/assets/flags/lc.png"],"packages/intl_phone_number_input/assets/flags/li.png":["packages/intl_phone_number_input/assets/flags/li.png"],"packages/intl_phone_number_input/assets/flags/lk.png":["packages/intl_phone_number_input/assets/flags/lk.png"],"packages/intl_phone_number_input/assets/flags/lr.png":["packages/intl_phone_number_input/assets/flags/lr.png"],"packages/intl_phone_number_input/assets/flags/ls.png":["packages/intl_phone_number_input/assets/flags/ls.png"],"packages/intl_phone_number_input/assets/flags/lt.png":["packages/intl_phone_number_input/assets/flags/lt.png"],"packages/intl_phone_number_input/assets/flags/lu.png":["packages/intl_phone_number_input/assets/flags/lu.png"],"packages/intl_phone_number_input/assets/flags/lv.png":["packages/intl_phone_number_input/assets/flags/lv.png"],"packages/intl_phone_number_input/assets/flags/ly.png":["packages/intl_phone_number_input/assets/flags/ly.png"],"packages/intl_phone_number_input/assets/flags/ma.png":["packages/intl_phone_number_input/assets/flags/ma.png"],"packages/intl_phone_number_input/assets/flags/mc.png":["packages/intl_phone_number_input/assets/flags/mc.png"],"packages/intl_phone_number_input/assets/flags/md.png":["packages/intl_phone_number_input/assets/flags/md.png"],"packages/intl_phone_number_input/assets/flags/me.png":["packages/intl_phone_number_input/assets/flags/me.png"],"packages/intl_phone_number_input/assets/flags/mf.png":["packages/intl_phone_number_input/assets/flags/mf.png"],"packages/intl_phone_number_input/assets/flags/mg.png":["packages/intl_phone_number_input/assets/flags/mg.png"],"packages/intl_phone_number_input/assets/flags/mh.png":["packages/intl_phone_number_input/assets/flags/mh.png"],"packages/intl_phone_number_input/assets/flags/mk.png":["packages/intl_phone_number_input/assets/flags/mk.png"],"packages/intl_phone_number_input/assets/flags/ml.png":["packages/intl_phone_number_input/assets/flags/ml.png"],"packages/intl_phone_number_input/assets/flags/mm.png":["packages/intl_phone_number_input/assets/flags/mm.png"],"packages/intl_phone_number_input/assets/flags/mn.png":["packages/intl_phone_number_input/assets/flags/mn.png"],"packages/intl_phone_number_input/assets/flags/mo.png":["packages/intl_phone_number_input/assets/flags/mo.png"],"packages/intl_phone_number_input/assets/flags/mp.png":["packages/intl_phone_number_input/assets/flags/mp.png"],"packages/intl_phone_number_input/assets/flags/mq.png":["packages/intl_phone_number_input/assets/flags/mq.png"],"packages/intl_phone_number_input/assets/flags/mr.png":["packages/intl_phone_number_input/assets/flags/mr.png"],"packages/intl_phone_number_input/assets/flags/ms.png":["packages/intl_phone_number_input/assets/flags/ms.png"],"packages/intl_phone_number_input/assets/flags/mt.png":["packages/intl_phone_number_input/assets/flags/mt.png"],"packages/intl_phone_number_input/assets/flags/mu.png":["packages/intl_phone_number_input/assets/flags/mu.png"],"packages/intl_phone_number_input/assets/flags/mv.png":["packages/intl_phone_number_input/assets/flags/mv.png"],"packages/intl_phone_number_input/assets/flags/mw.png":["packages/intl_phone_number_input/assets/flags/mw.png"],"packages/intl_phone_number_input/assets/flags/mx.png":["packages/intl_phone_number_input/assets/flags/mx.png"],"packages/intl_phone_number_input/assets/flags/my.png":["packages/intl_phone_number_input/assets/flags/my.png"],"packages/intl_phone_number_input/assets/flags/mz.png":["packages/intl_phone_number_input/assets/flags/mz.png"],"packages/intl_phone_number_input/assets/flags/na.png":["packages/intl_phone_number_input/assets/flags/na.png"],"packages/intl_phone_number_input/assets/flags/nc.png":["packages/intl_phone_number_input/assets/flags/nc.png"],"packages/intl_phone_number_input/assets/flags/ne.png":["packages/intl_phone_number_input/assets/flags/ne.png"],"packages/intl_phone_number_input/assets/flags/nf.png":["packages/intl_phone_number_input/assets/flags/nf.png"],"packages/intl_phone_number_input/assets/flags/ng.png":["packages/intl_phone_number_input/assets/flags/ng.png"],"packages/intl_phone_number_input/assets/flags/ni.png":["packages/intl_phone_number_input/assets/flags/ni.png"],"packages/intl_phone_number_input/assets/flags/nl.png":["packages/intl_phone_number_input/assets/flags/nl.png"],"packages/intl_phone_number_input/assets/flags/no.png":["packages/intl_phone_number_input/assets/flags/no.png"],"packages/intl_phone_number_input/assets/flags/np.png":["packages/intl_phone_number_input/assets/flags/np.png"],"packages/intl_phone_number_input/assets/flags/nr.png":["packages/intl_phone_number_input/assets/flags/nr.png"],"packages/intl_phone_number_input/assets/flags/nu.png":["packages/intl_phone_number_input/assets/flags/nu.png"],"packages/intl_phone_number_input/assets/flags/nz.png":["packages/intl_phone_number_input/assets/flags/nz.png"],"packages/intl_phone_number_input/assets/flags/om.png":["packages/intl_phone_number_input/assets/flags/om.png"],"packages/intl_phone_number_input/assets/flags/pa.png":["packages/intl_phone_number_input/assets/flags/pa.png"],"packages/intl_phone_number_input/assets/flags/pe.png":["packages/intl_phone_number_input/assets/flags/pe.png"],"packages/intl_phone_number_input/assets/flags/pf.png":["packages/intl_phone_number_input/assets/flags/pf.png"],"packages/intl_phone_number_input/assets/flags/pg.png":["packages/intl_phone_number_input/assets/flags/pg.png"],"packages/intl_phone_number_input/assets/flags/ph.png":["packages/intl_phone_number_input/assets/flags/ph.png"],"packages/intl_phone_number_input/assets/flags/pk.png":["packages/intl_phone_number_input/assets/flags/pk.png"],"packages/intl_phone_number_input/assets/flags/pl.png":["packages/intl_phone_number_input/assets/flags/pl.png"],"packages/intl_phone_number_input/assets/flags/pm.png":["packages/intl_phone_number_input/assets/flags/pm.png"],"packages/intl_phone_number_input/assets/flags/pn.png":["packages/intl_phone_number_input/assets/flags/pn.png"],"packages/intl_phone_number_input/assets/flags/pr.png":["packages/intl_phone_number_input/assets/flags/pr.png"],"packages/intl_phone_number_input/assets/flags/ps.png":["packages/intl_phone_number_input/assets/flags/ps.png"],"packages/intl_phone_number_input/assets/flags/pt.png":["packages/intl_phone_number_input/assets/flags/pt.png"],"packages/intl_phone_number_input/assets/flags/pw.png":["packages/intl_phone_number_input/assets/flags/pw.png"],"packages/intl_phone_number_input/assets/flags/py.png":["packages/intl_phone_number_input/assets/flags/py.png"],"packages/intl_phone_number_input/assets/flags/qa.png":["packages/intl_phone_number_input/assets/flags/qa.png"],"packages/intl_phone_number_input/assets/flags/re.png":["packages/intl_phone_number_input/assets/flags/re.png"],"packages/intl_phone_number_input/assets/flags/ro.png":["packages/intl_phone_number_input/assets/flags/ro.png"],"packages/intl_phone_number_input/assets/flags/rs.png":["packages/intl_phone_number_input/assets/flags/rs.png"],"packages/intl_phone_number_input/assets/flags/ru.png":["packages/intl_phone_number_input/assets/flags/ru.png"],"packages/intl_phone_number_input/assets/flags/rw.png":["packages/intl_phone_number_input/assets/flags/rw.png"],"packages/intl_phone_number_input/assets/flags/sa.png":["packages/intl_phone_number_input/assets/flags/sa.png"],"packages/intl_phone_number_input/assets/flags/sb.png":["packages/intl_phone_number_input/assets/flags/sb.png"],"packages/intl_phone_number_input/assets/flags/sc.png":["packages/intl_phone_number_input/assets/flags/sc.png"],"packages/intl_phone_number_input/assets/flags/sd.png":["packages/intl_phone_number_input/assets/flags/sd.png"],"packages/intl_phone_number_input/assets/flags/se.png":["packages/intl_phone_number_input/assets/flags/se.png"],"packages/intl_phone_number_input/assets/flags/sg.png":["packages/intl_phone_number_input/assets/flags/sg.png"],"packages/intl_phone_number_input/assets/flags/sh.png":["packages/intl_phone_number_input/assets/flags/sh.png"],"packages/intl_phone_number_input/assets/flags/si.png":["packages/intl_phone_number_input/assets/flags/si.png"],"packages/intl_phone_number_input/assets/flags/sj.png":["packages/intl_phone_number_input/assets/flags/sj.png"],"packages/intl_phone_number_input/assets/flags/sk.png":["packages/intl_phone_number_input/assets/flags/sk.png"],"packages/intl_phone_number_input/assets/flags/sl.png":["packages/intl_phone_number_input/assets/flags/sl.png"],"packages/intl_phone_number_input/assets/flags/sm.png":["packages/intl_phone_number_input/assets/flags/sm.png"],"packages/intl_phone_number_input/assets/flags/sn.png":["packages/intl_phone_number_input/assets/flags/sn.png"],"packages/intl_phone_number_input/assets/flags/so.png":["packages/intl_phone_number_input/assets/flags/so.png"],"packages/intl_phone_number_input/assets/flags/sr.png":["packages/intl_phone_number_input/assets/flags/sr.png"],"packages/intl_phone_number_input/assets/flags/ss.png":["packages/intl_phone_number_input/assets/flags/ss.png"],"packages/intl_phone_number_input/assets/flags/st.png":["packages/intl_phone_number_input/assets/flags/st.png"],"packages/intl_phone_number_input/assets/flags/sv.png":["packages/intl_phone_number_input/assets/flags/sv.png"],"packages/intl_phone_number_input/assets/flags/sx.png":["packages/intl_phone_number_input/assets/flags/sx.png"],"packages/intl_phone_number_input/assets/flags/sy.png":["packages/intl_phone_number_input/assets/flags/sy.png"],"packages/intl_phone_number_input/assets/flags/sz.png":["packages/intl_phone_number_input/assets/flags/sz.png"],"packages/intl_phone_number_input/assets/flags/tc.png":["packages/intl_phone_number_input/assets/flags/tc.png"],"packages/intl_phone_number_input/assets/flags/td.png":["packages/intl_phone_number_input/assets/flags/td.png"],"packages/intl_phone_number_input/assets/flags/tf.png":["packages/intl_phone_number_input/assets/flags/tf.png"],"packages/intl_phone_number_input/assets/flags/tg.png":["packages/intl_phone_number_input/assets/flags/tg.png"],"packages/intl_phone_number_input/assets/flags/th.png":["packages/intl_phone_number_input/assets/flags/th.png"],"packages/intl_phone_number_input/assets/flags/tj.png":["packages/intl_phone_number_input/assets/flags/tj.png"],"packages/intl_phone_number_input/assets/flags/tk.png":["packages/intl_phone_number_input/assets/flags/tk.png"],"packages/intl_phone_number_input/assets/flags/tl.png":["packages/intl_phone_number_input/assets/flags/tl.png"],"packages/intl_phone_number_input/assets/flags/tm.png":["packages/intl_phone_number_input/assets/flags/tm.png"],"packages/intl_phone_number_input/assets/flags/tn.png":["packages/intl_phone_number_input/assets/flags/tn.png"],"packages/intl_phone_number_input/assets/flags/to.png":["packages/intl_phone_number_input/assets/flags/to.png"],"packages/intl_phone_number_input/assets/flags/tr.png":["packages/intl_phone_number_input/assets/flags/tr.png"],"packages/intl_phone_number_input/assets/flags/tt.png":["packages/intl_phone_number_input/assets/flags/tt.png"],"packages/intl_phone_number_input/assets/flags/tv.png":["packages/intl_phone_number_input/assets/flags/tv.png"],"packages/intl_phone_number_input/assets/flags/tw.png":["packages/intl_phone_number_input/assets/flags/tw.png"],"packages/intl_phone_number_input/assets/flags/tz.png":["packages/intl_phone_number_input/assets/flags/tz.png"],"packages/intl_phone_number_input/assets/flags/ua.png":["packages/intl_phone_number_input/assets/flags/ua.png"],"packages/intl_phone_number_input/assets/flags/ug.png":["packages/intl_phone_number_input/assets/flags/ug.png"],"packages/intl_phone_number_input/assets/flags/um.png":["packages/intl_phone_number_input/assets/flags/um.png"],"packages/intl_phone_number_input/assets/flags/us.png":["packages/intl_phone_number_input/assets/flags/us.png"],"packages/intl_phone_number_input/assets/flags/uy.png":["packages/intl_phone_number_input/assets/flags/uy.png"],"packages/intl_phone_number_input/assets/flags/uz.png":["packages/intl_phone_number_input/assets/flags/uz.png"],"packages/intl_phone_number_input/assets/flags/va.png":["packages/intl_phone_number_input/assets/flags/va.png"],"packages/intl_phone_number_input/assets/flags/vc.png":["packages/intl_phone_number_input/assets/flags/vc.png"],"packages/intl_phone_number_input/assets/flags/ve.png":["packages/intl_phone_number_input/assets/flags/ve.png"],"packages/intl_phone_number_input/assets/flags/vg.png":["packages/intl_phone_number_input/assets/flags/vg.png"],"packages/intl_phone_number_input/assets/flags/vi.png":["packages/intl_phone_number_input/assets/flags/vi.png"],"packages/intl_phone_number_input/assets/flags/vn.png":["packages/intl_phone_number_input/assets/flags/vn.png"],"packages/intl_phone_number_input/assets/flags/vu.png":["packages/intl_phone_number_input/assets/flags/vu.png"],"packages/intl_phone_number_input/assets/flags/wf.png":["packages/intl_phone_number_input/assets/flags/wf.png"],"packages/intl_phone_number_input/assets/flags/ws.png":["packages/intl_phone_number_input/assets/flags/ws.png"],"packages/intl_phone_number_input/assets/flags/xk.png":["packages/intl_phone_number_input/assets/flags/xk.png"],"packages/intl_phone_number_input/assets/flags/ye.png":["packages/intl_phone_number_input/assets/flags/ye.png"],"packages/intl_phone_number_input/assets/flags/yt.png":["packages/intl_phone_number_input/assets/flags/yt.png"],"packages/intl_phone_number_input/assets/flags/za.png":["packages/intl_phone_number_input/assets/flags/za.png"],"packages/intl_phone_number_input/assets/flags/zm.png":["packages/intl_phone_number_input/assets/flags/zm.png"],"packages/intl_phone_number_input/assets/flags/zw.png":["packages/intl_phone_number_input/assets/flags/zw.png"],"packages/libphonenumber_plugin/assets/js/libphonenumber.js":["packages/libphonenumber_plugin/assets/js/libphonenumber.js"],"packages/libphonenumber_plugin/assets/js/stringbuffer.js":["packages/libphonenumber_plugin/assets/js/stringbuffer.js"],"packages/libphonenumber_plugin/js/libphonenumber.js":["packages/libphonenumber_plugin/js/libphonenumber.js"],"packages/libphonenumber_plugin/js/stringbuffer.js":["packages/libphonenumber_plugin/js/stringbuffer.js"],"packages/unicons/icons/UniconsLine.ttf":["packages/unicons/icons/UniconsLine.ttf"],"packages/unicons/icons/UniconsSolid.ttf":["packages/unicons/icons/UniconsSolid.ttf"],"packages/unicons/icons/UniconsThinline.ttf":["packages/unicons/icons/UniconsThinline.ttf"]}