[{"family":"MaterialIcons","fonts":[{"asset":"fonts/MaterialIcons-Regular.otf"}]},{"family":"CircularStd","fonts":[{"asset":"assets/font/CircularStd-Regular.otf"},{"weight":100,"asset":"assets/font/CircularStd-Light.otf"},{"weight":300,"asset":"assets/font/CircularStd-Regular.otf"},{"weight":400,"asset":"assets/font/CircularStd-Medium.otf"},{"weight":700,"asset":"assets/font/CircularStd-Bold.otf"},{"weight":900,"asset":"assets/font/CircularStd-Black.otf"}]},{"family":"packages/cupertino_icons/CupertinoIcons","fonts":[{"asset":"packages/cupertino_icons/assets/CupertinoIcons.ttf"}]},{"family":"packages/font_awesome_flutter/FontAwesomeBrands","fonts":[{"weight":400,"asset":"packages/font_awesome_flutter/lib/fonts/fa-brands-400.ttf"}]},{"family":"packages/font_awesome_flutter/FontAwesomeRegular","fonts":[{"weight":400,"asset":"packages/font_awesome_flutter/lib/fonts/fa-regular-400.ttf"}]},{"family":"packages/font_awesome_flutter/FontAwesomeSolid","fonts":[{"weight":900,"asset":"packages/font_awesome_flutter/lib/fonts/fa-solid-900.ttf"}]},{"family":"packages/iconsax/iconsax","fonts":[{"asset":"packages/iconsax/lib/assets/fonts/iconsax.ttf"}]},{"family":"packages/unicons/UniconsLine","fonts":[{"asset":"packages/unicons/icons/UniconsLine.ttf"}]},{"family":"packages/unicons/UniconsSolid","fonts":[{"asset":"packages/unicons/icons/UniconsSolid.ttf"}]},{"family":"packages/unicons/UniconsThinline","fonts":[{"asset":"packages/unicons/icons/UniconsThinline.ttf"}]}]